url,source
http://paypa1-login.com,external_report
http://faceboook-info.net,external_report
http://steamcormmunrity.com/506741901399,external_report
http://steamcomrrmunity.com/379473530675,external_report
https://steamcommun1fty.com/gift-card/7856912,external_report
https://steamcommun1fty.com/gift/id=7462904,external_report
https://steamcommun1fty.com/id=7715353455,external_report
https://steamcommonity.com/activation=Dor5Fhnm3w,external_report
https://facebook-v2-urtheaman.vercel.app/,external_report
https://www.binance.com.loginsn.cc/inicio.php,external_report
https://one1dvre-ms0ftoffc356-1dr3ivef1l3e.glitch.me/,external_report
https://robllox.com.pk/games/8737602449/PLS-DONATE?privateServerLinkCode=87384354723351377353320252293168,external_report
naukir.com,external_report
naikri.com,external_report
naukkri.com,external_report
nauri.com,external_report
naukeri.com,external_report
payym.com,external_report
paytj.com,external_report
aytm.com,external_report
patm.com,external_report
payum.com,external_report
xaytm.com,external_report
payto.com,external_report
taytm.com,external_report
paytm1.com,external_report
paytmv.com,external_report
https://saharacustoms.com/index.html,external_report
https://r.oblox.pk/users/1030337336/profile,external_report
https://www.roblox.com.am/games/126884695634066/Grow-a-Garden?privateServerLinkCode=68734871310445513807793391144395,external_report
https://tel-egram.icu/,external_report
https://te1egam.com/,external_report
https://t.elegramx.org/,external_report
http://mbhbank-netbank-hu.com/,external_report
http://mbhbank-hu.com/,external_report
http://mbhbank-hu.com/merchant/bank-confirm/mbh-select/65q0Ee36OkL,external_report
,external_report
https://flepkart.com,external_report
flipkort.com,external_report
flipkrat.com,external_report
flipakrt.com,external_report
flikpart.com,external_report
fkipkart.com,external_report
flipmart.com,external_report
fliplart.com,external_report
flipkary.com,external_report
flipkaet.com,external_report
flopkart.com,external_report
clipkart.com,external_report
flipkarr.com,external_report
fflipkart.com,external_report
flipkkart.com,external_report
flippkart.com,external_report
flipkaart.com,external_report
https://ww38.fllipkart.com,external_report
flipskart.com,external_report
flipart.com,external_report
lipkart.com,external_report
http://ww17.flikart.com,external_report
flipkat.com,external_report
flipkaert.com,external_report
flipkaret.com,external_report
flipkmart.com,external_report
fiipkart.com,external_report
flixkart.com,external_report
flipjart.com,external_report
fliqkart.com,external_report
blipkart.com,external_report
flypkart.com,external_report
flipkard.com,external_report
flitkart.com,external_report
flipkarto.com,external_report
flipkarts.com,external_report
flipkartc.com,external_report
flipkart2.com,external_report
https://linkddin.netlify.app,external_report
liinkediin-app.vercel.app,external_report
https://limkediin.weebly.com,external_report
https://auth-linkedin.pages.dev,external_report
https://ilnkt.com/linkt.au/,external_report
https://linke-server.yoxel12281.workers.dev/,external_report
linkodin.com,external_report
lenkedin.com,external_report
linkedincom.com,external_report
li.nkedin.com,external_report
lin.kedin.com,external_report
linksdin.com,external_report
linkedih.com,external_report
linkecin.com,external_report
lunkedin.com,external_report
linledin.com,external_report
l9nkedin.com,external_report
link3din.com,external_report
libkedin.com,external_report
l8nkedin.com,external_report
linmedin.com,external_report
oinkedin.com,external_report
link4din.com,external_report
lihkedin.com,external_report
kinkedin.com,external_report
https://sinafapac.com/strat/,external_report
http://usportalhelp.com,external_report
https://roblox.tg/users/9520389662/profile,external_report
https://www.roblox.com.by/users/7438414383/profile,external_report
https://wallet.coinbesa.org/,external_report
https://cactusms.com/domain/Email,external_report
https://s.team-la.top/p/hpww-tqqf/gtjdtgtm/,external_report
https://www.postecitalie.com/SBB/index/,external_report
https://facebookalert.com/,external_report
https://ww.roach.ru.com/zz/,external_report
https://coinbse-us-prologin.godaddysites.com/,external_report
https://choix-creneau.com/as.php,external_report
https://lepasim.org/SFCU/,external_report
https://mr-locker.info/as.php,external_report
https://verifyidmetaxportal.com/verify/,external_report
https://webmail-ionos.de-en.cc/ret_url/ac1be353d50e06c90677c94d63537c72/login.php?serID=email_auth&sessionID=PcqzYFhZqjJOYOepxNh&em=,external_report
fazedook.noplikax.top,external_report
https://support-ad-fix-case-a7ss.vercel.app/business.help/facebook.com-help_159551727005616.html,external_report
https://www.facebook-clone-l5q5.vercel.app,external_report
http://instalafacebook.blogspot.com/,external_report
https://yww-roblox.com/users/185518516/profile,external_report
https://amazan.com,external_report
amazon-2-clone-qn1y0s0qj-jmpp.vercel.app,external_report
amazon-2-xi-five.vercel.app,external_report
http://amazon-clone-2-9yq91robn-swissjake.vercel.app/,external_report
s3.us-east-2.amazonaws.com/...CHASE.html,external_report
https://amazon-primvideo.com/login_up.php,external_report
https://googleaccounts.jiqigushi.top,external_report
https://log-in-instagram.vercel.app,external_report
https://instagram-reels-hs7mikjo.vercel.app,external_report
inicial-instagram.vercel.app,external_report
https://free-fire-battlegrounds.apkcafe.ae/realme/1,external_report
http://iradgt.com/Alibaba/alibaba/index.php,external_report
https://tiktokishopbuy.cc,external_report
https://mywallet-coinbase.com/,external_report
http://172635-coinbase.com/,external_report
http://steam.bywg.vip/,external_report
https://icloud.com.hr/xyj/l/Q2g,external_report
https://appleecommunity24x7.pages.dev/,external_report
https://pec-tc.com/apple-accounts,external_report
https://dapps25.netlify.app/,external_report
0netflix.com,external_report
http://netflix.com.tr/anasayfa,external_report
hdfcbank.com,external_report
hdfcbankk.com,external_report
hdfcbankj.com,external_report
hdfcbankl.com,external_report
hdfcbankc.com,external_report
hdfcbanj.com,external_report
idfcbank.com,external_report
hefcbank.com,external_report
hffcbank.com,external_report
hdfsbank.com,external_report
hddcbank.com,external_report
hdfcbano.com,external_report
hdfcbqnk.com,external_report
jdfcbank.com,external_report
hdgcbank.com,external_report
hdfcbannk.com,external_report
hdfċbank.com,external_report
hdfçbank.com,external_report
hdfebank.com,external_report
hdfdbank.com,external_report
ihdfcbank.com,external_report
hbfcbank.com,external_report
hdfc-bank.com,external_report
hddfcbank.com,external_report
yhdfcbank.com,external_report
hdffcbank.com,external_report
hdgfcbank.com,external_report
hdfcbasnk.com,external_report
hdfccbank.com,external_report
hdfcbabnk.com,external_report
hdfcbanbk.com,external_report
hdfcvbank.com,external_report
hsdfcbank.com,external_report
hdcfcbank.com,external_report
hdfcbamnk.com,external_report
hdfcbanjk.com,external_report
hdfcbanmk.com,external_report
hdfcbsank.com,external_report
hdfcnbank.com,external_report
hdfvcbank.com,external_report
hdfxcbank.com,external_report
hfdfcbank.com,external_report
jhdfcbank.com,external_report
hdfbank.com,external_report
dfcbank.com,external_report
hdfcban.com,external_report
hdcbank.com,external_report
hdfcbak.com,external_report
hdfcank.com,external_report
hdfcbnk.com,external_report
hfcbank.com,external_report
hdfcsbank.com,external_report
hhdfcbank.com,external_report
hdfcbaank.com,external_report
hdfcbbank.com,external_report
hdfxbank.com,external_report
hsfcbank.com,external_report
hdfcbsnk.com,external_report
hdfcbanl.com,external_report
hdfcnank.com,external_report
gdfcbank.com,external_report
hdfcbabk.com,external_report
hdfchank.com,external_report
hxfcbank.com,external_report
udfcbank.com,external_report
ydfcbank.com,external_report
hdtcbank.com,external_report
bdfcbank.com,external_report
hdccbank.com,external_report
hdfcvank.com,external_report
hdfvbank.com,external_report
hdrcbank.com,external_report
h.dfcbank.com,external_report
hd.fcbank.com,external_report
hdf.cbank.com,external_report
hdfcabnk.com,external_report
hfdcbank.com,external_report
hdcfbank.com,external_report
hdfcbnak.com,external_report
dhfcbank.com,external_report
hdfbcank.com,external_report
hdfcbakn.com,external_report
icicibank.com,external_report
icicibanks.com,external_report
icicibank2.com,external_report
icicibankj.com,external_report
icicibankl.com,external_report
icicibankm.com,external_report
icicibanko.com,external_report
icicibankk.com,external_report
icicibajk.com,external_report
acicibank.com,external_report
icicibenk.com,external_report
icicibink.com,external_report
icicibano.com,external_report
icicibqnk.com,external_report
icickbank.com,external_report
ickcibank.com,external_report
kcicibank.com,external_report
icicibanj.com,external_report
lcic1bank.com,external_report
icìcibank.com,external_report
icicibạnk.com,external_report
icicibamk.com,external_report
icicibannk.com,external_report
iciciibank.com,external_report
1c1cibank.com,external_report
1cic1bank.com,external_report
1cicibank.com,external_report
1ciclbank.com,external_report
1clcibank.com,external_report
ic1c1bank.com,external_report
ic1cibank.com,external_report
ic1clbank.com,external_report
icic1bank.com,external_report
iciclbank.com,external_report
iclc1bank.com,external_report
iclcibank.com,external_report
iclclbank.com,external_report
icici-bank.com,external_report
icicibamnk.com,external_report
icicibanbk.com,external_report
icicibasnk.com,external_report
icicfibank.com,external_report
icifcibank.com,external_report
icicibabnk.com,external_report
icicibanmk.com,external_report
8icicibank.com,external_report
9icicibank.com,external_report
icdicibank.com,external_report
icicdibank.com,external_report
icicibanjk.com,external_report
icicihbank.com,external_report
iciciobank.com,external_report
icicivbank.com,external_report
icoicibank.com,external_report
iocicibank.com,external_report
jicicibank.com,external_report
kicicibank.com,external_report
uicicibank.com,external_report
icicibnk.com,external_report
cicibank.com,external_report
icicibak.com,external_report
iciibank.com,external_report
iicibank.com,external_report
iciciban.com,external_report
iccibank.com,external_report
iciciank.com,external_report
icicbank.com,external_report
iciicibank.com,external_report
iciccibank.com,external_report
iccicibank.com,external_report
icicibaank.com,external_report
icicibbank.com,external_report
iicicibank.com,external_report
icicobank.com,external_report
icivibank.com,external_report
icicibahk.com,external_report
icicibabk.com,external_report
icicibanl.com,external_report
icicihank.com,external_report
icicjbank.com,external_report
icifibank.com,external_report
icjcibank.com,external_report
icicubank.com,external_report
icixibank.com,external_report
icocibank.com,external_report
ivicibank.com,external_report
ocicibank.com,external_report
8cicibank.com,external_report
icicivank.com,external_report
icidibank.com,external_report
icucibank.com,external_report
idicibank.com,external_report
ificibank.com,external_report
ixicibank.com,external_report
jcicibank.com,external_report
ucicibank.com,external_report
icicibsnk.com,external_report
icicinank.com,external_report
i.cicibank.com,external_report
ic.icibank.com,external_report
iciicbank.com,external_report
icicibnak.com,external_report
ciicibank.com,external_report
icciibank.com,external_report
icicbiank.com,external_report
iciciabnk.com,external_report
iiccibank.com,external_report
icicibakn.com,external_report
icicebank.com,external_report
icicibonk.com,external_report
icicibunk.com,external_report
accounts.google.com,external_report
accounts.google9.com,external_report
accounts.googled.com,external_report
accounts.googles.com,external_report
accounts.googlen.com,external_report
accounts.googlet.com,external_report
accounts.googlec.com,external_report
accounts.googlez.com,external_report
accounts.googleg.com,external_report
accounts.googlek.com,external_report
accounts.googleq.com,external_report
accounts.google4.com,external_report
accounts.googleb.com,external_report
accounts.google6.com,external_report
accounts.googlee.com,external_report
accounts.googlei.com,external_report
accounts.googlea.com,external_report
accounts.googleu.com,external_report
accounts.woogle.com,external_report
accounts.googhe.com,external_report
accounts.googme.com,external_report
accounts.goowle.com,external_report
accounts.goofle.com,external_report
accounts.gooole.com,external_report
accounts.qooqle.com,external_report
accounts.góògle.com,external_report
accounts.gòógle.com,external_report
accounts.googĺe.com,external_report
accounts.ģoogle.com,external_report
accounts.googiē.com,external_report
accounts.g00g1e.com,external_report
accounts.googic.com,external_report
accounts.göögłe.com,external_report
accounts.göõgle.com,external_report
accounts.gôõgle.com,external_report
accounts.gøogle.com,external_report
accounts.ɢooɢle.com,external_report
accounts.góóglę.com,external_report
accounts.goøgle.com,external_report
accounts.go0qle.com,external_report
accounts.g0ogle.com,external_report
accounts.googlé.com,external_report
accounts.googlę.com,external_report
accounts.qoog1e.com,external_report
accounts.go0g1e.com,external_report
accounts.góóglè.com,external_report
accounts.gᴏᴏgle.com,external_report
accounts.googīe.com,external_report
accounts.googie.com,external_report
accounts.g00qle.com,external_report
accounts.goõgle.com,external_report
accounts.go0gie.com,external_report
accounts.gôōgle.com,external_report
accounts.go-ogle.com,external_report
accounts.goobgle.com,external_report
accounts.googlpe.com,external_report
accounts.googvle.com,external_report
accounts.go9ogle.com,external_report
accounts.googple.com,external_report
accounts.gvoogle.com,external_report
accounts.gokogle.com,external_report
accounts.gpoogle.com,external_report
accounts.goohgle.com,external_report
accounts.gkoogle.com,external_report
accounts.googble.com,external_report
accounts.googmle.com,external_report
accounts.gboogle.com,external_report
accounts.googfle.com,external_report
accounts.gioogle.com,external_report
accounts.goofgle.com,external_report
accounts.googlme.com,external_report
accounts.gookgle.com,external_report
accounts.gyoogle.com,external_report
accounts.fgoogle.com,external_report
accounts.g9oogle.com,external_report
accounts.vgoogle.com,external_report
accounts.googyle.com,external_report
accounts.goopgle.com,external_report
accounts.googloe.com,external_report
accounts.go0ogle.com,external_report
accounts.goo9gle.com,external_report
accounts.zgoogle.com,external_report
accounts.oogle.com,external_report
accounts.googl.com,external_report
accounts.googe.com,external_report
accounts.gogle.com,external_report
accounts.googlle.com,external_report
accounts.gooogle.com,external_report
accounts.ggoogle.com,external_report
accounts.googl4.com,external_report
accounts.g9ogle.com,external_report
accounts.yoogle.com,external_report
accounts.boogle.com,external_report
accounts.voogle.com,external_report
accounts.glogle.com,external_report
accounts.googoe.com,external_report
accounts.gootle.com,external_report
accounts.gooyle.com,external_report
accounts.goohle.com,external_report
accounts.go9gle.com,external_report
accounts.gooble.com,external_report
accounts.goovle.com,external_report
accounts.googlr.com,external_report
accounts.gpogle.com,external_report
accounts.g.oogle.com,external_report
accounts.goo.gle.com,external_report
accounts.gogole.com,external_report
accounts.googel.com,external_report
accounts.goolge.com,external_report
accounts.ogogle.com,external_report
accounts.googlecom.com,external_report
accounts-google.com,external_report
accountsgoogle.com,external_report
accounts.goegle.com,external_report
accounts.googli.com,external_report
accounts.guogle.com,external_report
accounts.geogle.com,external_report
accounts.goagle.com,external_report
amazon1.com,external_report
amazon2.com,external_report
amazonb.com,external_report
amazonc.com,external_report
amazonf.com,external_report
amazong.com,external_report
amazonh.com,external_report
amazoni.com,external_report
amazonj.com,external_report
amazonk.com,external_report
amazonl.com,external_report
amazonn.com,external_report
amazono.com,external_report
amazonp.com,external_report
amazonq.com,external_report
amazonr.com,external_report
amazont.com,external_report
amazonu.com,external_report
amazonv.com,external_report
amazonw.com,external_report
amazonx.com,external_report
amazony.com,external_report
amazona.com,external_report
amazon0.com,external_report
amazon3.com,external_report
amazon4.com,external_report
amazon5.com,external_report
amazon6.com,external_report
amazon8.com,external_report
amazond.com,external_report
amazonz.com,external_report
amazons.com,external_report
amazonm.com,external_report
amazon7.com,external_report
amazone.com,external_report
cmazon.com,external_report
amaron.com,external_report
aiazon.com,external_report
alazon.com,external_report
amazkn.com,external_report
amazmn.com,external_report
amaznn.com,external_report
amazoj.com,external_report
amazol.com,external_report
amczon.com,external_report
amezon.com,external_report
amizon.com,external_report
amqzon.com,external_report
aoazon.com,external_report
qmazon.com,external_report
amazgn.com,external_report
aeazon.com,external_report
imazon.com,external_report
amajon.com,external_report
amaxon.com,external_report
emazon.com,external_report
amazoo.com,external_report
anazor.com,external_report
amazor.com,external_report
amāzon.com,external_report
âmazon.com,external_report
amaʐon.com,external_report
àmazon.com,external_report
annazom.com,external_report
aṃazon.com,external_report
ãmazon.com,external_report
amaz0m.com,external_report
amaz0n.com,external_report
amazorn.com,external_report
ammazon.com,external_report
anazon.com,external_report
annazon.com,external_report
armazon.com,external_report
arnazon.com,external_report
ămazon.com,external_report
amázón.com,external_report
amazọn.com,external_report
arrazon.com,external_report
amazom.com,external_report
anazom.com,external_report
amäzon.com,external_report
amnazon.com,external_report
anmazon.com,external_report
ämäzon.com,external_report
amázon.com,external_report
amazơṅ.com,external_report
amazᴏn.com,external_report
amàz0n.com,external_report
àmàzon.com,external_report
am-azon.com,external_report
ama-zon.com,external_report
amazo-n.com,external_report
a-mazon.com,external_report
amaz-on.com,external_report
apmazon.com,external_report
amagzon.com,external_report
amawzon.com,external_report
amazqon.com,external_report
amazeon.com,external_report
samazon.com,external_report
2amazon.com,external_report
amaazon.com,external_report
amaezon.com,external_report
amahzon.com,external_report
amaszon.com,external_report
amayzon.com,external_report
amaz0on.com,external_report
amaz9on.com,external_report
amazaon.com,external_report
amazhon.com,external_report
amazlon.com,external_report
amazo0n.com,external_report
amazo9n.com,external_report
amazoln.com,external_report
amazpon.com,external_report
amazton.com,external_report
amazzon.com,external_report
amlazon.com,external_report
ampazon.com,external_report
amyazon.com,external_report
asmazon.com,external_report
aymazon.com,external_report
qamazon.com,external_report
wamazon.com,external_report
amaz6on.com,external_report
amazgon.com,external_report
amazuon.com,external_report
amsazon.com,external_report
amwazon.com,external_report
zamazon.com,external_report
ajmazon.com,external_report
akmazon.com,external_report
amaqzon.com,external_report
amaxzon.com,external_report
amazion.com,external_report
amazkon.com,external_report
amazoin.com,external_report
amazokn.com,external_report
amazopn.com,external_report
amazxon.com,external_report
amjazon.com,external_report
amkazon.com,external_report
amqazon.com,external_report
amzazon.com,external_report
aqmazon.com,external_report
awmazon.com,external_report
azmazon.com,external_report
amatzon.com,external_report
amauzon.com,external_report
mazon.com,external_report
amaon.com,external_report
amazn.com,external_report
aazon.com,external_report
amazo.com,external_report
amazeson.com,external_report
aamazon.com,external_report
amazoon.com,external_report
ama3on.com,external_report
ajazon.com,external_report
akazon.com,external_report
ama2on.com,external_report
amaeon.com,external_report
amahon.com,external_report
amaqon.com,external_report
amauon.com,external_report
amazln.com,external_report
amazob.com,external_report
amazoh.com,external_report
amzzon.com,external_report
smazon.com,external_report
wmazon.com,external_report
zmazon.com,external_report
amaaon.com,external_report
amason.com,external_report
amagon.com,external_report
amazpn.com,external_report
amaton.com,external_report
ama6on.com,external_report
ama7on.com,external_report
amaz9n.com,external_report
amazin.com,external_report
amszon.com,external_report
amwzon.com,external_report
amaz.on.com,external_report
ama.zon.com,external_report
am.azon.com,external_report
aamzon.com,external_report
amazno.com,external_report
amzaon.com,external_report
maazon.com,external_report
amaozn.com,external_report
amazun.com,external_report
x.com,external_report
x6.com,external_report
xp.com,external_report
xb.com,external_report
x9.com,external_report
xz.com,external_report
xr.com,external_report
x2.com,external_report
xi.com,external_report
xs.com,external_report
xe.com,external_report
xt.com,external_report
x3.com,external_report
x5.com,external_report
xv.com,external_report
xk.com,external_report
xl.com,external_report
xg.com,external_report
xc.com,external_report
xo.com,external_report
xa.com,external_report
xn.com,external_report
xy.com,external_report
x1.com,external_report
xf.com,external_report
xq.com,external_report
xd.com,external_report
x4.com,external_report
xm.com,external_report
xw.com,external_report
xx.com,external_report
x0.com,external_report
x7.com,external_report
x8.com,external_report
xh.com,external_report
xj.com,external_report
xu.com,external_report
z.com,external_report
х.com,external_report
ẋ.com,external_report
ẍ.com,external_report
xcom.com,external_report
flipkart.com,external_report
flipkarti.com,external_report
flipkartz.com,external_report
flipkartl.com,external_report
flipkarte.com,external_report
flipkarth.com,external_report
flipkartt.com,external_report
flipkarty.com,external_report
flipkartx.com,external_report
flipkert.com,external_report
flipkqrt.com,external_report
flipkirt.com,external_report
glipkart.com,external_report
flapkart.com,external_report
flipkast.com,external_report
flirkart.com,external_report
dlipkart.com,external_report
filpkart.com,external_report
fllpkart.com,external_report
flipicart.com,external_report
flipkạrt.com,external_report
flip-kart.com,external_report
gflipkart.com,external_report
flilpkart.com,external_report
flipikart.com,external_report
flipklart.com,external_report
flikpkart.com,external_report
flipjkart.com,external_report
flipokart.com,external_report
flikart.com,external_report
fipkart.com,external_report
flipkar.com,external_report
flipkrt.com,external_report
flpkart.com,external_report
fllipkart.com,external_report
flipkarrt.com,external_report
fliipkart.com,external_report
flipkatt.com,external_report
rlipkart.com,external_report
flipksrt.com,external_report
fliokart.com,external_report
flipkaft.com,external_report
flipkarf.com,external_report
flupkart.com,external_report
fli.pkart.com,external_report
fl.ipkart.com,external_report
f.lipkart.com,external_report
flipkatr.com,external_report
lfipkart.com,external_report
flepkart.com,external_report
apple.com,external_report
applea.com,external_report
appleo.com,external_report
applew.com,external_report
apple9.com,external_report
apple4.com,external_report
apple8.com,external_report
applee.com,external_report
applef.com,external_report
applej.com,external_report
appleq.com,external_report
appler.com,external_report
applel.com,external_report
applet.com,external_report
applek.com,external_report
appleg.com,external_report
apple7.com,external_report
apple3.com,external_report
applec.com,external_report
applen.com,external_report
appleb.com,external_report
apples.com,external_report
applem.com,external_report
applep.com,external_report
appleu.com,external_report
appleh.com,external_report
apple0.com,external_report
applev.com,external_report
appled.com,external_report
apple5.com,external_report
appley.com,external_report
applez.com,external_report
apple1.com,external_report
apple2.com,external_report
apple6.com,external_report
applei.com,external_report
applex.com,external_report
a0ple.com,external_report
ap0le.com,external_report
applg.com,external_report
atple.com,external_report
applm.com,external_report
appla.com,external_report
aptle.com,external_report
axple.com,external_report
apqle.com,external_report
appne.com,external_report
appme.com,external_report
apphe.com,external_report
epple.com,external_report
appde.com,external_report
applu.com,external_report
aprle.com,external_report
apxle.com,external_report
aqple.com,external_report
arple.com,external_report
cpple.com,external_report
ipple.com,external_report
аррӏе.com,external_report
applē.com,external_report
applė.com,external_report
appie.com,external_report
appłë.com,external_report
appļe.com,external_report
äpple.com,external_report
appĺe.com,external_report
applè.com,external_report
applé.com,external_report
applë.com,external_report
applȩ.com,external_report
àpplė.com,external_report
âpple.com,external_report
åpple.com,external_report
appịe.com,external_report
aṕple.com,external_report
apṕle.com,external_report
aṗple.com,external_report
apṗle.com,external_report
ȧpple.com,external_report
appic.com,external_report
ạppie.com,external_report
ạpplẹ.com,external_report
āpple.com,external_report
applc.com,external_report
ạpple.com,external_report
app1e.com,external_report
appłe.com,external_report
applę.com,external_report
applẹ.com,external_report
ápplé.com,external_report
ąpplė.com,external_report
àpple.com,external_report
appl-e.com,external_report
ap-ple.com,external_report
a-pple.com,external_report
applpe.com,external_report
awpple.com,external_report
apople.com,external_report
zapple.com,external_report
aplple.com,external_report
appole.com,external_report
wapple.com,external_report
apploe.com,external_report
applle.com,external_report
qapple.com,external_report
appkle.com,external_report
applke.com,external_report
aqpple.com,external_report
sapple.com,external_report
alpple.com,external_report
aspple.com,external_report
aopple.com,external_report
2apple.com,external_report
azpple.com,external_report
ampple.com,external_report
1apple.com,external_report
appple.com,external_report
aypple.com,external_report
yapple.com,external_report
ap0ple.com,external_report
apmple.com,external_report
appmle.com,external_report
pple.com,external_report
aple.com,external_report
appl.com,external_report
appe.com,external_report
appsle.com,external_report
aapple.com,external_report
apmle.com,external_report
wpple.com,external_report
alple.com,external_report
applr.com,external_report
appls.com,external_report
applz.com,external_report
2pple.com,external_report
aople.com,external_report
apole.com,external_report
appke.com,external_report
applw.com,external_report
zpple.com,external_report
appl3.com,external_report
spple.com,external_report
ample.com,external_report
aplle.com,external_report
1pple.com,external_report
apppe.com,external_report
ypple.com,external_report
appoe.com,external_report
appl4.com,external_report
app.le.com,external_report
paple.com,external_report
aplpe.com,external_report
appel.com,external_report
applo.com,external_report
upple.com,external_report
opple.com,external_report
appli.com,external_report
instagram.com,external_report
instagramd.com,external_report
instagram2.com,external_report
instagraml.com,external_report
instagramg.com,external_report
instagramx.com,external_report
instagramh.com,external_report
instagramb.com,external_report
instagramj.com,external_report
instagram5.com,external_report
instagramr.com,external_report
instagramk.com,external_report
instagramp.com,external_report
instagram1.com,external_report
instagramn.com,external_report
instagramm.com,external_report
instagrama.com,external_report
instagrame.com,external_report
instagramq.com,external_report
instagramz.com,external_report
instagram7.com,external_report
instagrams.com,external_report
instagram0.com,external_report
instagram6.com,external_report
instagram9.com,external_report
instagramf.com,external_report
instagramt.com,external_report
instagramv.com,external_report
instagram8.com,external_report
instagramu.com,external_report
instagramc.com,external_report
instagramy.com,external_report
instagramo.com,external_report
instagramw.com,external_report
ifstagram.com,external_report
ilstagram.com,external_report
in3tagram.com,external_report
inrtagram.com,external_report
ins4agram.com,external_report
insdagram.com,external_report
instafram.com,external_report
instag2am.com,external_report
instagrae.com,external_report
instagsam.com,external_report
instagvam.com,external_report
instagzam.com,external_report
instaoram.com,external_report
instcgram.com,external_report
insuagram.com,external_report
instacram.com,external_report
anstagram.com,external_report
instagral.com,external_report
instagrqm.com,external_report
inspagram.com,external_report
instagrcm.com,external_report
instagrim.com,external_report
instawram.com,external_report
instegram.com,external_report
ijstagram.com,external_report
instagrem.com,external_report
knstagram.com,external_report
iostagram.com,external_report
instqgram.com,external_report
instagpam.com,external_report
instigram.com,external_report
inwtagram.com,external_report
hnstagram.com,external_report
ynstagram.com,external_report
instagrao.com,external_report
1nstagram.com,external_report
instaqram.com,external_report
irstagram.com,external_report
insțagram.com,external_report
insţagram.com,external_report
instagŕam.com,external_report
instagřam.com,external_report
instagɾam.com,external_report
instagŗam.com,external_report
instagraṁ.com,external_report
instagraɱ.com,external_report
instagràm.com,external_report
instagråm.com,external_report
instagrām.com,external_report
instagrąm.com,external_report
instagrâm.com,external_report
instagrạm.com,external_report
instagrãm.com,external_report
instağram.com,external_report
instàgram.com,external_report
instȧgram.com,external_report
instágram.com,external_report
instâgram.com,external_report
instãgrãm.com,external_report
instägräm.com,external_report
instàgràm.com,external_report
instạgrạm.com,external_report
instágràm.com,external_report
instágrám.com,external_report
lnstagŕam.com,external_report
lnstagrám.com,external_report
ìnstagram.com,external_report
ɪnstagram.com,external_report
ínstagram.com,external_report
ınstagram.com,external_report
ỉnstagram.com,external_report
ìnstaɡram.com,external_report
lrstagram.com,external_report
ínstagran.com,external_report
iņstagram.com,external_report
instagṛam.com,external_report
inʂtagram.com,external_report
instagrəm.com,external_report
lnstagrann.com,external_report
lnstagrarn.com,external_report
insṭagram.com,external_report
instāgram.com,external_report
instaqran.com,external_report
innstagram.com,external_report
instagran.com,external_report
instagranm.com,external_report
instagrann.com,external_report
instagrarm.com,external_report
imstagram.com,external_report
instagrarn.com,external_report
lnstagram.com,external_report
instągram.com,external_report
inꜱtagram.com,external_report
inṣtagram.com,external_report
instagṙam.com,external_report
instägram.com,external_report
imstagran.com,external_report
ĩnstagram.com,external_report
lnstaqram.com,external_report
înstagram.com,external_report
instaġram.com,external_report
insŧagram.com,external_report
ịnstagram.com,external_report
instagrám.com,external_report
lnstàgram.com,external_report
lnstágram.com,external_report
lmstagram.com,external_report
lnstagran.com,external_report
insṫagram.com,external_report
insṭagrạm.com,external_report
instaɢram.com,external_report
instâgrâm.com,external_report
lnstaġram.com,external_report
ìnstagraḿ.com,external_report
ınstagrarn.com,external_report
i-nstagram.com,external_report
instag-ram.com,external_report
insta-gram.com,external_report
9instagram.com,external_report
i8nstagram.com,external_report
i9nstagram.com,external_report
ijnstagram.com,external_report
iknstagram.com,external_report
imnstagram.com,external_report
inestagram.com,external_report
inmstagram.com,external_report
insrtagram.com,external_report
inst1agram.com,external_report
instabgram.com,external_report
instafgram.com,external_report
instag4ram.com,external_report
instag5ram.com,external_report
instagr4am.com,external_report
instagr5am.com,external_report
instagraqm.com,external_report
instagrfam.com,external_report
instagrqam.com,external_report
instagrwam.com,external_report
instazgram.com,external_report
instgagram.com,external_report
instqagram.com,external_report
instwagram.com,external_report
inwstagram.com,external_report
inxstagram.com,external_report
instyagram.com,external_report
instaghram.com,external_report
instagrasm.com,external_report
instageram.com,external_report
instaqgram.com,external_report
inbstagram.com,external_report
instagrawm.com,external_report
insytagram.com,external_report
instahgram.com,external_report
instfagram.com,external_report
kinstagram.com,external_report
instatgram.com,external_report
insetagram.com,external_report
insgtagram.com,external_report
instagrsam.com,external_report
oinstagram.com,external_report
uinstagram.com,external_report
instagbram.com,external_report
inastagram.com,external_report
insatagram.com,external_report
instagream.com,external_report
instagtram.com,external_report
instasgram.com,external_report
instragram.com,external_report
instsagram.com,external_report
instaygram.com,external_report
insdtagram.com,external_report
instagrtam.com,external_report
inhstagram.com,external_report
ionstagram.com,external_report
insftagram.com,external_report
instagrdam.com,external_report
instavgram.com,external_report
jinstagram.com,external_report
insta2gram.com,external_report
ibnstagram.com,external_report
indstagram.com,external_report
instagrazm.com,external_report
instzagram.com,external_report
insxtagram.com,external_report
inzstagram.com,external_report
iunstagram.com,external_report
instagrm.com,external_report
instaram.com,external_report
instgram.com,external_report
istagram.com,external_report
insagram.com,external_report
instagam.com,external_report
instagra.com,external_report
intagram.com,external_report
nstagram.com,external_report
iinstagram.com,external_report
insstagram.com,external_report
instaagram.com,external_report
instaggram.com,external_report
instagraam.com,external_report
instagrram.com,external_report
insttagram.com,external_report
ihstagram.com,external_report
ins6agram.com,external_report
insgagram.com,external_report
instabram.com,external_report
instag4am.com,external_report
instag5am.com,external_report
instagfam.com,external_report
instahram.com,external_report
instwgram.com,external_report
inztagram.com,external_report
instagrym.com,external_report
8nstagram.com,external_report
insyagram.com,external_report
instatram.com,external_report
insfagram.com,external_report
instagraj.com,external_report
instagdam.com,external_report
ibstagram.com,external_report
inetagram.com,external_report
instagrwm.com,external_report
instagrzm.com,external_report
instzgram.com,external_report
jnstagram.com,external_report
instygram.com,external_report
indtagram.com,external_report
inatagram.com,external_report
insragram.com,external_report
instageam.com,external_report
instagrsm.com,external_report
instagtam.com,external_report
instsgram.com,external_report
inxtagram.com,external_report
instavram.com,external_report
instayram.com,external_report
instagrak.com,external_report
unstagram.com,external_report
9nstagram.com,external_report
ins5agram.com,external_report
instagrap.com,external_report
onstagram.com,external_report
ins.tagram.com,external_report
instagr.am.com,external_report
intsagram.com,external_report
isntagram.com,external_report
insatgram.com,external_report
instagarm.com,external_report
instgaram.com,external_report
instagrma.com,external_report
instargam.com,external_report
nistagram.com,external_report
instagramcom.com,external_report
instugram.com,external_report
instagrom.com,external_report
instogram.com,external_report
instagrum.com,external_report
enstagram.com,external_report
facebook.com,external_report
facebook3.com,external_report
facebookx.com,external_report
facebookc.com,external_report
facebookf.com,external_report
facebooku.com,external_report
facebookm.com,external_report
facebookg.com,external_report
facebook0.com,external_report
facebooko.com,external_report
facebook5.com,external_report
facebookb.com,external_report
facebooks.com,external_report
facebooki.com,external_report
facebookw.com,external_report
facebook2.com,external_report
facebookj.com,external_report
facebookt.com,external_report
facebookd.com,external_report
facebookl.com,external_report
facebook4.com,external_report
facebook6.com,external_report
facebookp.com,external_report
facebookq.com,external_report
facebookr.com,external_report
facebookv.com,external_report
facebooky.com,external_report
facebooka.com,external_report
facebook7.com,external_report
facebookh.com,external_report
facebookn.com,external_report
facebook1.com,external_report
facebooke.com,external_report
facebook8.com,external_report
facebook9.com,external_report
facebookk.com,external_report
facebgok.com,external_report
facebmok.com,external_report
facmbook.com,external_report
fccebook.com,external_report
facebnok.com,external_report
facebooo.com,external_report
fakebook.com,external_report
facebogk.com,external_report
facefook.com,external_report
facebonk.com,external_report
facejook.com,external_report
vacebook.com,external_report
fecebook.com,external_report
faaebook.com,external_report
fagebook.com,external_report
facdbook.com,external_report
fasebook.com,external_report
fqcebook.com,external_report
dacebook.com,external_report
facebokk.com,external_report
facebooc.com,external_report
facebooi.com,external_report
facebooj.com,external_report
facecook.com,external_report
gacebook.com,external_report
fabebook.com,external_report
facabook.com,external_report
facebomk.com,external_report
facgbook.com,external_report
ficebook.com,external_report
bacebook.com,external_report
nacebook.com,external_report
facerook.com,external_report
facebkok.com,external_report
facubook.com,external_report
facebo0k.com,external_report
faecbook.com,external_report
faeebook.com,external_report
facẹbooḵ.com,external_report
facębook.com,external_report
facẹbook.com,external_report
facebᴏᴏḳ.com,external_report
facebôók.com,external_report
facebᴏᴏk.com,external_report
facebọoḵ.com,external_report
facebᴏok.com,external_report
facebooⱪ.com,external_report
facebooḵ.com,external_report
faceƅooĸ.com,external_report
faceƅook.com,external_report
faceḅook.com,external_report
faᴄebook.com,external_report
fácebóok.com,external_report
fạcebooḳ.com,external_report
fạcebook.com,external_report
fãcebook.com,external_report
fɑceƅook.com,external_report
faced0ok.com,external_report
faceb00k.com,external_report
facebooḳ.com,external_report
facebooķ.com,external_report
faceboọk.com,external_report
faceboòk.com,external_report
faceibook.com,external_report
faceb0ok.com,external_report
facėbòok.com,external_report
facēbook.com,external_report
faceböök.com,external_report
facebòok.com,external_report
faceboøk.com,external_report
faceʙook.com,external_report
fačebook.com,external_report
fācebook.com,external_report
fácébook.com,external_report
facelbook.com,external_report
faᴄeboᴏk.com,external_report
façebook.com,external_report
facebôok.com,external_report
fácebook.com,external_report
facěbook.com,external_report
fåcebook.com,external_report
faccbook.com,external_report
facedook.com,external_report
ḟacebook.com,external_report
fàcebook.com,external_report
facêbook.com,external_report
fącebook.com,external_report
ƒacebooḵ.com,external_report
faċėbook.com,external_report
facebøøk.com,external_report
facebọọk.com,external_report
faceboök.com,external_report
faceboơk.com,external_report
facebooĸ.com,external_report
fąçebook.com,external_report
f-acebook.com,external_report
facebo-ok.com,external_report
face-book.com,external_report
faceb-ook.com,external_report
faceboo-k.com,external_report
facewbook.com,external_report
fascebook.com,external_report
fzacebook.com,external_report
fac3ebook.com,external_report
facebkook.com,external_report
fdacebook.com,external_report
vfacebook.com,external_report
rfacebook.com,external_report
faceb9ook.com,external_report
facrebook.com,external_report
faycebook.com,external_report
fwacebook.com,external_report
fac4ebook.com,external_report
faceboopk.com,external_report
facebopok.com,external_report
fafcebook.com,external_report
faceboiok.com,external_report
faceboo0k.com,external_report
fqacebook.com,external_report
fsacebook.com,external_report
fvacebook.com,external_report
fyacebook.com,external_report
faceb0ook.com,external_report
facebolok.com,external_report
faceboolk.com,external_report
cfacebook.com,external_report
gfacebook.com,external_report
facebo0ok.com,external_report
faczebook.com,external_report
face3book.com,external_report
facebokok.com,external_report
facegbook.com,external_report
facerbook.com,external_report
facvebook.com,external_report
facwebook.com,external_report
facxebook.com,external_report
favcebook.com,external_report
facebgook.com,external_report
facebooik.com,external_report
facebvook.com,external_report
fgacebook.com,external_report
fracebook.com,external_report
facebhook.com,external_report
facfebook.com,external_report
fcacebook.com,external_report
facdebook.com,external_report
facebpook.com,external_report
facedbook.com,external_report
facevbook.com,external_report
faxcebook.com,external_report
facebiook.com,external_report
faceblook.com,external_report
fadcebook.com,external_report
facebnook.com,external_report
facebo9ok.com,external_report
facesbook.com,external_report
dfacebook.com,external_report
facehbook.com,external_report
facezbook.com,external_report
facsebook.com,external_report
fawcebook.com,external_report
fazcebook.com,external_report
ftacebook.com,external_report
faqcebook.com,external_report
faceboo9k.com,external_report
facenbook.com,external_report
facebok.com,external_report
faceook.com,external_report
fcebook.com,external_report
acebook.com,external_report
facbook.com,external_report
faceboo.com,external_report
faebook.com,external_report
facebosok.com,external_report
facebsook.com,external_report
faccebook.com,external_report
faceboook.com,external_report
faacebook.com,external_report
facebbook.com,external_report
faceebook.com,external_report
ffacebook.com,external_report
facebiok.com,external_report
faceblok.com,external_report
facebo9k.com,external_report
facebpok.com,external_report
facenook.com,external_report
facevook.com,external_report
faceb9ok.com,external_report
facehook.com,external_report
fzcebook.com,external_report
fac4book.com,external_report
facsbook.com,external_report
facegook.com,external_report
facwbook.com,external_report
faceboik.com,external_report
facrbook.com,external_report
facebopk.com,external_report
facebolk.com,external_report
fscebook.com,external_report
facebool.com,external_report
faceboom.com,external_report
fadebook.com,external_report
favebook.com,external_report
tacebook.com,external_report
faxebook.com,external_report
cacebook.com,external_report
fac3book.com,external_report
fycebook.com,external_report
fafebook.com,external_report
fwcebook.com,external_report
racebook.com,external_report
fa.cebook.com,external_report
facebo.ok.com,external_report
faceb.ook.com,external_report
afcebook.com,external_report
facbeook.com,external_report
faceboko.com,external_report
fcaebook.com,external_report
faceobok.com,external_report
facebookcom.com,external_report
facebouk.com,external_report
focebook.com,external_report
faceboek.com,external_report
facebeok.com,external_report
facibook.com,external_report
faceboak.com,external_report
facebuok.com,external_report
facobook.com,external_report
facebaok.com,external_report
